timestamps,S1_PID_0C_EngineRPM
0.0,2368.0
0.19995000000000118,2351.0
0.40004999999999313,2337.0
0.6000499999999818,2327.0
0.7999499999999955,2331.0
0.9998999999999967,2335.0
1.200349999999986,2344.0
1.4001499999999965,2349.0
1.599899999999991,2357.0
1.7999499999999955,2363.0
2.000199999999978,2367.0
2.2004499999999894,2372.0
2.4001499999999965,2379.0
2.600449999999995,2386.0
2.8004999999999995,2388.0
3.000199999999978,2391.0
3.200649999999996,2396.0
3.4002499999999998,2400.0
3.600399999999979,2399.0
3.8004999999999995,2386.0
4.000399999999985,2379.0
4.199999999999989,2367.0
4.40025,2361.0
4.600149999999985,2363.0
4.795949999999976,2365.0
5.0002999999999815,2374.0
5.2009499999999775,2375.0
5.400349999999975,2382.0
5.600099999999998,2386.0
5.800299999999993,2391.0
6.0011499999999955,2395.0
6.200349999999986,2395.0
6.400299999999987,2391.0
6.600149999999985,2376.0
6.800249999999977,2361.0
7.0005999999999915,2354.0
7.201349999999991,2349.0
7.400449999999978,2348.0
7.600249999999988,2351.0
7.80019999999999,2354.0
8.000749999999982,2359.0
8.200299999999999,2368.0
8.400349999999975,2372.0
8.60039999999998,2381.0
8.800599999999974,2389.0
9.00045,2391.0
9.200349999999986,2400.0
9.400349999999975,2405.0
9.60039999999998,2408.0
9.80064999999999,2417.0
10.00045,2419.0
10.200400000000002,2421.0
10.400649999999985,2423.0
10.600799999999992,2428.0
10.8005,2438.0
11.000749999999982,2442.0
11.200549999999993,2448.0
11.400649999999985,2452.0
11.601099999999974,2452.0
11.800799999999981,2467.0
12.000549999999976,2463.0
12.20059999999998,2461.0
12.400599999999997,2453.0
12.600949999999983,2453.0
12.800899999999984,2457.0
13.000649999999979,2463.0
13.200799999999987,2470.0
13.4007,2478.0
13.600650000000002,2486.0
13.800799999999981,2491.0
14.000749999999982,2497.0
14.20075,2500.0
14.401150000000001,2505.0
14.6019,2515.0
14.800799999999981,2514.0
15.000799999999998,2528.0
15.201399999999978,2524.0
15.400849999999991,2538.0
15.60084999999998,2538.0
15.800899999999984,2548.0
16.001199999999983,2555.0
16.201249999999987,2559.0
16.400999999999982,2564.0
16.601,2571.0
16.80204999999998,2578.0
17.0009,2584.0
17.20104999999998,2592.0
17.401049999999998,2580.0
17.601349999999996,2604.0
17.80109999999999,2602.0
18.00109999999998,2611.0
18.201149999999984,2620.0
18.40134999999998,2628.0
18.601199999999977,2630.0
18.801199999999994,2520.0
19.00109999999998,2260.0
19.201299999999975,2011.0
19.40115,1731.0
19.601049999999987,1474.0
19.801049999999975,1236.0
20.001299999999986,1108.0
20.201099999999997,1102.0
20.401099999999985,1054.0
20.601199999999977,981.0
20.801299999999998,921.0
21.001149999999996,855.0
21.2012,855.0
21.401299999999992,896.0
21.601199999999977,889.0
21.80114999999998,861.0
22.001199999999983,869.0
22.201149999999984,873.0
22.40115,873.0
22.601349999999996,882.0
22.801299999999998,896.0
23.00139999999999,904.0
23.201299999999975,908.0
23.397249999999985,912.0
23.60145,916.0
23.801349999999985,923.0
24.001499999999993,925.0
24.20139999999998,923.0
24.396899999999988,921.0
24.60159999999999,907.0
24.8014,906.0
25.001449999999977,895.0
25.20134999999999,892.0
25.401549999999986,901.0
25.601399999999984,897.0
25.801499999999976,886.0
26.001749999999987,888.0
26.201449999999994,907.0
26.401600000000002,887.0
26.601499999999987,888.0
26.80144999999999,908.0
27.00154999999998,906.0
27.20184999999998,907.0
27.401600000000002,904.0
27.601499999999987,910.0
27.801499999999976,918.0
28.0017,915.0
28.20165,901.0
28.401699999999977,917.0
28.601799999999997,920.0
28.801699999999983,889.0
29.001599999999996,882.0
29.201749999999976,878.0
29.401899999999983,905.0
29.60174999999998,903.0
29.801699999999983,886.0
30.001949999999994,893.0
51.00344999999999,1487.0
51.203299999999984,1443.0
51.40334999999999,1478.0
51.60329999999999,1482.0
51.80314999999999,1459.0
52.003299999999996,1452.0
52.203599999999994,1453.0
52.4033,1466.0
52.603549999999984,1478.0
52.803499999999985,1487.0
53.0035,1501.0
53.1994,1514.0
53.40349999999998,1523.0
53.60344999999998,1558.0
53.80355,1561.0
54.00354999999999,1559.0
54.20354999999998,1519.0
54.403549999999996,1605.0
54.6036,1526.0
54.80359999999999,1564.0
55.00364999999999,1571.0
55.2037,1533.0
55.40375,1523.0
55.6037,1511.0
55.80369999999999,1493.0
56.00369999999998,1474.0
56.203749999999985,1461.0
56.403549999999996,1434.0
56.60374999999999,1418.0
56.80445,1404.0
57.00389999999999,1405.0
57.203749999999985,1389.0
57.40375,1439.0
57.60389999999998,1426.0
57.803650000000005,1412.0
58.00364999999999,1465.0
58.20384999999999,1420.0
58.40384999999998,1455.0
58.603849999999994,1437.0
58.80369999999999,1471.0
59.00399999999999,1439.0
59.20394999999999,1430.0
59.403699999999986,1461.0
59.60395,1426.0
59.803799999999995,1412.0
60.00395,1401.0
60.20399999999998,1364.0
60.4042,1336.0
60.60379999999998,1289.0
60.805049999999994,1262.0
61.00404999999998,1228.0
61.204049999999995,1203.0
61.40394999999998,1236.0
61.60405,1168.0
61.80409999999998,1202.0
62.00389999999999,1205.0
62.20415,1213.0
62.40424999999999,1233.0
62.60409999999999,1254.0
62.80409999999998,1275.0
63.00414999999998,1286.0
63.20425,1300.0
63.4042,1306.0
63.60419999999999,1318.0
63.80419999999998,1317.0
64.0042,1334.0
64.20429999999999,1351.0
64.40429999999998,1376.0
64.6043,1411.0
64.80445,1454.0
65.00434999999999,1489.0
65.2054,1525.0
65.40459999999999,1599.0
65.6045,1659.0
65.80454999999998,1712.0
66.00455,1785.0
66.20439999999999,1837.0
66.40459999999999,1889.0
66.60419999999999,1946.0
66.80419999999998,2010.0
67.00459999999998,2058.0
67.20425,2104.0
67.40429999999998,2157.0
67.60424999999998,2216.0
67.80425,2278.0
68.0043,2301.0
68.20435,2350.0
68.40449999999998,2392.0
68.60454999999999,2435.0
68.80519999999999,2478.0
69.00444999999999,2510.0
69.2047,2470.0
69.40460000000002,2295.0
69.6046,2063.0
69.80009999999999,1803.0
70.00459999999998,1550.0
70.20465000000002,1296.0
70.40465,1180.0
70.60464999999999,1079.0
70.8046,966.0
71.00459999999998,887.0
71.2047,880.0
71.40469999999999,1332.0
71.60455000000002,1571.0
71.8048,1520.0
72.00459999999998,1538.0
72.20504999999997,1500.0
72.40474999999998,1501.0
72.6046,1470.0
72.80489999999998,1467.0
73.00470000000001,1494.0
73.20474999999999,1510.0
73.40485000000001,1540.0
73.60485,1543.0
73.80489999999998,1567.0
74.00489999999996,1604.0
74.20490000000001,1637.0
74.40485000000001,1659.0
74.60474999999997,1690.0
74.80495000000002,1708.0
75.00484999999998,1738.0
75.20499999999998,1766.0
75.40505000000002,1800.0
75.60609999999997,1839.0
75.8048,1861.0
76.00484999999998,1877.0
76.20519999999999,1903.0
76.40494999999999,1926.0
76.60500000000002,1954.0
76.805,1982.0
77.00489999999996,2005.0
77.20495,2034.0
77.40505000000002,2054.0
77.60494999999997,2099.0
77.80495000000002,2113.0
78.00509999999997,2128.0
78.20519999999999,2143.0
78.40519999999998,2176.0
78.6051,2199.0
78.80505,2215.0
79.00524999999999,2246.0
79.20524999999998,2261.0
79.40505000000002,2291.0
79.6051,2312.0
79.80534999999998,2343.0
80.00540000000001,2350.0
80.20549999999997,2350.0
80.40539999999999,2361.0
80.60525000000001,2359.0
80.80525,2350.0
81.00614999999999,2350.0
81.20544999999998,2339.0
81.40539999999999,2327.0
81.6055,2332.0
81.80540000000002,2327.0
82.00540000000001,2324.0
82.20655,2328.0
82.40539999999999,2329.0
82.60140000000001,2327.0
82.8055,2341.0
83.00549999999998,2343.0
83.20535000000001,2350.0
83.40535,2355.0
83.60629999999998,2361.0
83.80554999999998,2375.0
84.00554999999997,2388.0
84.20564999999999,2392.0
84.40559999999999,2408.0
84.6055,2419.0
84.80565000000001,2424.0
85.00565,2438.0
85.20159999999998,2444.0
85.40569999999997,2453.0
85.60590000000002,2474.0
85.80180000000001,2477.0
86.00554999999997,2488.0
86.2056,2497.0
86.40584999999999,2504.0
86.60570000000001,2514.0
86.80574999999999,2525.0
87.00574999999998,2540.0
87.20594999999997,2550.0
87.40605,2567.0
87.60579999999999,2573.0
87.80585000000002,2590.0
88.00594999999998,2600.0
88.20585,2617.0
88.40569999999997,2622.0
88.60579999999999,2637.0
88.80585000000002,2621.0
89.0059,2587.0
89.20594999999997,2591.0
89.406,2560.0
89.60590000000002,2316.0
89.80604999999997,2068.0
90.00594999999998,1827.0
90.20585,1588.0
90.406,1367.0
90.606,1193.0
90.80599999999998,1122.0
91.00594999999998,1159.0
91.20614999999998,1539.0
91.40719999999999,1905.0
91.60719999999998,1802.0
91.80615,1847.0
92.00614999999999,1805.0
92.20614999999998,1809.0
92.40629999999999,1825.0
92.60609999999997,1835.0
92.80725000000001,1830.0
93.00624999999997,1833.0
93.20619999999997,1842.0
93.40609999999998,1841.0
93.60615000000001,1854.0
93.8073,1838.0
94.00614999999999,1791.0
94.20625000000001,1824.0
94.40640000000002,1838.0
94.60629999999998,1843.0
94.80624999999998,1834.0
95.00639999999999,1828.0
95.2063,1832.0
95.4065,1828.0
95.60629999999998,1820.0
95.80655000000002,1822.0
96.00630000000001,1808.0
96.20639999999997,1785.0
96.40645,1766.0
96.60635000000002,1750.0
96.80644999999998,1722.0
97.00655,1712.0
97.20655,1698.0
97.4065,1679.0
97.60674999999998,1667.0
97.80655000000002,1645.0
98.00664999999998,1624.0
98.20645000000002,1602.0
98.40665000000001,1579.0
98.60669999999999,1571.0
98.80815000000001,1541.0
99.00669999999997,1519.0
99.20670000000001,1491.0
99.40665000000001,1474.0
99.60680000000002,1453.0
99.80674999999997,1432.0
100.00669999999997,1411.0
100.20655,1391.0
100.40674999999999,1380.0
100.6069,1365.0
100.80674999999997,1356.0
101.0068,1344.0
101.20690000000002,1335.0
101.40685000000002,1322.0
101.60685000000001,1311.0
101.80685,1300.0
102.00695000000002,1287.0
102.20690000000002,1276.0
102.40695,1268.0
102.6071,1254.0
102.80694999999997,1238.0
103.007,1223.0
103.20715000000001,1212.0
103.40699999999998,1207.0
103.60705000000002,1188.0
103.80705,1182.0
104.00709999999998,1177.0
104.20684999999997,1171.0
104.40819999999997,1166.0
104.60814999999997,1159.0
104.80804999999998,1072.0
105.00835000000001,1100.0
105.20850000000002,1110.0
105.40825000000001,1059.0
105.60719999999998,988.0
105.80725000000001,940.0
106.0086,919.0
106.20850000000002,902.0
106.40839999999997,910.0
106.60865000000001,923.0
106.80865,906.0
107.00835000000001,893.0
107.20839999999998,897.0
107.40879999999999,895.0
107.60859999999997,888.0
107.80835000000002,878.0
108.00855000000001,898.0
108.2088,903.0
108.40820000000002,889.0
108.60849999999999,884.0
108.80854999999997,901.0
109.00274999999999,912.0
109.20884999999998,910.0
109.40875,901.0
109.60854999999998,913.0
109.80854999999997,918.0
110.00864999999999,907.0
110.20805000000001,900.0
110.40785,899.0
110.6087,908.0
110.80799999999999,900.0
129.0086,1567.0
129.2088,1536.0
129.40875,1711.0
129.6087,1805.0
129.80854999999997,1883.0
130.0086,1953.0
130.2102,2021.0
130.40879999999999,2052.0
130.60879999999997,2102.0
130.8087,2092.0
131.00875000000002,2126.0
131.20875,2147.0
131.40895,2193.0
131.60865,2289.0
131.80894999999998,2377.0
132.00875000000002,2498.0
132.20915000000002,2613.0
132.40904999999998,2747.0
132.60885000000002,2870.0
132.80880000000002,3006.0
133.00885,3015.0
133.209,2871.0
133.40890000000002,2626.0
133.60885000000002,2383.0
133.8089,2132.0
134.00905,1881.0
134.20905,1622.0
134.40895,1402.0
134.60895,1360.0
134.80905,1816.0
135.00920000000002,1625.0
135.20915000000002,1757.0
135.409,1771.0
135.60915,1842.0
135.80915,1888.0
136.00914999999998,1970.0
136.20909999999998,2063.0
136.409,2150.0
136.60915,2223.0
136.8093,2289.0
137.00920000000002,2368.0
137.20915000000002,2458.0
137.40929999999997,2538.0
137.6094,2603.0
137.8093,2678.0
138.0093,2751.0
138.2092,2810.0
138.40935000000002,2878.0
138.60915,2934.0
138.80925000000002,3002.0
139.00925,3007.0
139.20945,2769.0
139.40949999999998,2400.0
139.60930000000002,2016.0
139.80925000000002,1644.0
140.00925,1380.0
140.20929999999998,1191.0
140.40935000000002,1076.0
140.60949999999997,1008.0
140.8095,971.0
141.00965000000002,963.0
141.20960000000002,1360.0
141.40945,2276.0
141.6096,2120.0
141.80944999999997,2200.0
142.00945000000002,2212.0
142.2095,2243.0
142.40949999999998,2220.0
142.60985,2230.0
142.8095,2252.0
143.00955,2254.0
143.20954999999998,2255.0
143.40974999999997,2268.0
143.60955,2278.0
143.8096,2291.0
144.00959999999998,2309.0
144.21114999999998,2335.0
144.4097,2349.0
144.60969999999998,2360.0
144.80975,2374.0
145.00979999999998,2388.0
145.20979999999997,2399.0
145.41005,2423.0
145.6101,2434.0
145.80989999999997,2455.0
146.00995,2468.0
146.20974999999999,2482.0
146.40974999999997,2405.0
146.6098,2194.0
146.80984999999998,1957.0
147.00984999999997,1713.0
147.20985000000002,1461.0
147.40974999999997,1204.0
147.6098,1094.0
147.81005,1059.0
148.00995,1300.0
148.2099,2013.0
148.40985,1881.0
148.60994999999997,1946.0
148.80995000000001,1960.0
149.01,1932.0
149.20999999999998,1941.0
149.40999999999997,1949.0
149.61,1960.0
149.80989999999997,1979.0
150.00995,1985.0
150.20995,1983.0
150.4101,2003.0
150.6101,2009.0
150.81015000000002,2015.0
151.01010000000002,2015.0
151.21015,2030.0
151.41015,2035.0
151.61014999999998,2044.0
151.81005,2050.0
152.01015,2055.0
152.2102,2051.0
152.41019999999997,2098.0
152.61020000000002,2096.0
152.8102,2074.0
153.0102,2064.0
153.21030000000002,2067.0
153.41025000000002,2064.0
153.61025,2063.0
153.81029999999998,2057.0
154.01029999999997,2063.0
154.21035,2057.0
154.4105,2061.0
154.61034999999998,2053.0
154.81034999999997,2054.0
155.01035000000002,2050.0
155.2104,2049.0
155.41039999999998,2049.0
155.61039999999997,2043.0
155.81040000000002,2047.0
156.01045,2028.0
156.21044999999998,2018.0
156.41044999999997,2002.0
156.6105,2003.0
156.8105,1990.0
157.01045,1997.0
157.21050000000002,1985.0
157.41044999999997,1991.0
157.61149999999998,1981.0
157.81054999999998,1985.0
158.01049999999998,1976.0
158.2106,1979.0
158.4106,1972.0
158.61059999999998,1975.0
158.81060000000002,1967.0
159.01065,1974.0
159.21184999999997,1959.0
159.41070000000002,1954.0
159.6107,1932.0
159.81060000000002,1922.0
160.01065,1922.0
160.21065,1909.0
160.4108,1916.0
160.61079999999998,1832.0
160.8109,1579.0
161.01080000000002,1351.0
161.21195,1119.0
161.41084999999998,1108.0
161.61095,1091.0
161.81074999999998,1017.0
162.01085,961.0
162.2108,915.0
162.41084999999998,884.0
162.61079999999998,847.0
162.8109,837.0
163.0109,889.0
163.21085,883.0
163.41084999999998,880.0
163.61095,876.0
163.8109,887.0
164.01094999999998,895.0
164.21105,898.0
164.411,902.0
164.61104999999998,910.0
164.81105000000002,916.0
165.01105,915.0
165.211,913.0
165.41109999999998,908.0
165.611,904.0
165.81105000000002,896.0
166.0111,893.0
166.2113,901.0
166.41109999999998,910.0
166.6112,885.0
166.8111,880.0
167.01119999999997,896.0
167.21120000000002,892.0
167.41125,883.0
167.61115,889.0
168.8125,902.0
169.6125,904.0
170.01245,905.0
170.21134999999998,904.0
170.4115,912.0
170.61145,910.0
175.2117,1789.0
175.4117,1969.0
175.6119,2176.0
175.8118,2368.0
176.0118,2553.0
176.212,2730.0
176.41179999999997,2900.0
176.61174999999997,3050.0
176.8118,3223.0
177.01274999999998,3347.0
177.21179999999998,3482.0
177.41185000000002,3586.0
177.61205,3566.0
177.81185,3531.0
178.01195,3269.0
178.212,3002.0
178.41199999999998,2755.0
178.61205,2505.0
178.812,2255.0
179.01195,2003.0
179.21204999999998,1757.0
179.41205000000002,1518.0
179.61200000000002,1473.0
179.812,2012.0
180.0125,1834.0
180.21210000000002,1889.0
180.41215,1989.0
180.6123,1980.0
180.81214999999997,2031.0
181.0122,2116.0
181.2124,2192.0
181.41219999999998,2279.0
181.61235,2365.0
181.81234999999998,2445.0
182.0122,2507.0
182.21224999999998,2573.0
182.4133,2648.0
182.6123,2722.0
182.81220000000002,2785.0
183.01235000000003,2852.0
183.21245,2907.0
183.41224999999997,2973.0
183.61235,3030.0
183.81240000000003,3085.0
184.01235000000003,3089.0
184.2124,3026.0
184.41255,2769.0
184.60854999999998,2532.0
184.81245,2278.0
185.01265,2030.0
185.21245,1789.0
185.41250000000002,1553.0
185.61239999999998,1308.0
185.81240000000003,1154.0
186.01245,1139.0
186.21269999999998,1533.0
186.41275000000002,2262.0
186.61255,2060.0
186.81259999999997,2220.0
187.01260000000002,2164.0
187.21265,2147.0
187.41255,2177.0
187.6126,2215.0
187.81255,2256.0
188.01254999999998,2302.0
188.2126,2325.0
188.41269999999997,2365.0
188.61295,2410.0
188.8127,2451.0
189.0127,2491.0
189.21265,2537.0
189.414,2568.0
189.61290000000002,2617.0
189.8127,2659.0
190.01285000000001,2693.0
190.21305,2735.0
190.41275000000002,2770.0
190.61290000000002,2806.0
190.8139,2846.0
191.0129,2885.0
191.21294999999998,2928.0
191.4128,2961.0
191.6128,2854.0
191.81295,2704.0
192.014,2452.0
192.21294999999998,2218.0
192.41295000000002,1960.0
192.61365,1718.0
192.8129,1469.0
193.01299999999998,1237.0
193.21294999999998,1128.0
193.41295000000002,1298.0
193.6132,2150.0
193.81304999999998,2048.0
194.01305000000002,2106.0
194.2131,2065.0
194.4133,2087.0
194.61315000000002,2095.0
194.8143,2100.0
195.01305000000002,2107.0
195.21319999999997,2113.0
195.4131,2124.0
195.61309999999997,2137.0
195.8132,2144.0
196.0131,2155.0
196.21325000000002,2161.0
196.41314999999997,2166.0
196.61315000000002,2179.0
196.8132,2184.0
197.01330000000002,2191.0
197.21319999999997,2201.0
197.41325,2210.0
197.61329999999998,2211.0
197.81324999999998,2228.0
198.01335,2235.0
198.21339999999998,2239.0
198.4133,2252.0
198.6134,2244.0
198.81330000000003,2250.0
199.0134,2253.0
199.21355,2253.0
199.41345,2245.0
199.6135,2246.0
199.8134,2241.0
200.0134,2241.0
200.21375,2243.0
200.41345,2247.0
200.61345,2247.0
200.81355000000002,2255.0
201.01364999999998,2256.0
201.21359999999999,2265.0
201.41375,2269.0
201.61360000000002,2279.0
201.81349999999998,2280.0
202.01459999999997,2291.0
202.21364999999997,2299.0
202.41365000000002,2283.0
202.61365,2290.0
202.81369999999998,2284.0
203.01369999999997,2285.0
203.21364999999997,2284.0
203.41445,2271.0
203.6137,2232.0
203.81380000000001,2260.0
204.0138,2243.0
204.21370000000002,2231.0
204.41385000000002,2224.0
204.61380000000003,2194.0
204.81380000000001,2189.0
205.014,2177.0
205.21384999999998,2152.0
205.41385000000002,2174.0
205.61385,2135.0
205.81490000000002,2120.0
206.0138,2178.0
206.21390000000002,2150.0
206.41465,2113.0
206.61395,2105.0
206.8139,2125.0
207.01385,2126.0
207.21395,2130.0
207.414,2140.0
207.61395,2156.0
207.81414999999998,2162.0
208.01395000000002,2178.0
208.21395,2187.0
208.41410000000002,2195.0
208.61399999999998,2207.0
208.8141,2213.0
209.014,2222.0
209.21425,2234.0
209.4142,2247.0
209.61419999999998,2256.0
209.81405,2267.0
210.01445,2283.0
210.21409999999997,2291.0
210.41415,2299.0
210.61425000000003,2309.0
210.81435,2324.0
211.01425,2334.0
211.21429999999998,2344.0
211.41430000000003,2355.0
211.61419999999998,2365.0
211.81445000000002,2377.0
212.01445,2385.0
212.21495,2396.0
212.41430000000003,2407.0
212.61425000000003,2421.0
212.8143,2421.0
213.0145,2434.0
213.21435000000002,2445.0
213.4144,2457.0
213.61455,2459.0
213.81465000000003,2475.0
214.01445,2481.0
214.21465,2495.0
214.41455000000002,2501.0
214.6146,2510.0
214.81445000000002,2520.0
215.0145,2523.0
215.21454999999997,2544.0
215.41445,2551.0
215.61450000000002,2559.0
215.8145,2564.0
216.0152,2576.0
216.21460000000002,2571.0
216.41455000000002,2575.0
216.61464999999998,2563.0
216.81455,2561.0
217.0147,2551.0
217.21460000000002,2541.0
217.41475000000003,2526.0
217.61475000000002,2535.0
217.81459999999998,2507.0
218.01465000000002,2519.0
218.2149,2496.0
218.41469999999998,2498.0
218.61485,2505.0
218.81470000000002,2494.0
219.0147,2477.0
219.21485,2467.0
219.41475000000003,2466.0
219.615,2460.0
219.81475,2454.0
220.01479999999998,2453.0
220.21505000000002,2444.0
220.41485,2437.0
220.61560000000003,2432.0
220.815,2428.0
221.01495,2420.0
221.21499999999997,2417.0
221.4149,2413.0
221.61489999999998,2407.0
221.81490000000002,2400.0
222.0149,2399.0
222.21505000000002,2390.0
222.41494999999998,2387.0
222.61495000000002,2385.0
222.81504999999999,2381.0
223.01504999999997,2375.0
223.21515,2363.0
223.41525000000001,2364.0
223.61509999999998,2361.0
223.81504999999999,2357.0
224.01515,2356.0
224.21535,2356.0
224.41514999999998,2352.0
224.61525,2353.0
224.81525,2349.0
225.01620000000003,2347.0
225.2154,2345.0
225.4153,2350.0
225.6153,2345.0
225.8155,2346.0
226.01524999999998,2346.0
226.2153,2350.0
226.41535,2343.0
226.61534999999998,2338.0
226.81535000000002,2344.0
227.01535,2341.0
227.21544999999998,2345.0
227.4155,2346.0
227.61540000000002,2344.0
227.8154,2349.0
228.0154,2350.0
228.21544999999998,2343.0
228.41545000000002,2353.0
228.61545,2352.0
228.81554999999997,2355.0
229.0156,2358.0
229.2156,2366.0
229.41555,2362.0
229.61554999999998,2368.0
229.8163,2369.0
230.0158,2312.0
230.21575,2381.0
230.41570000000002,2400.0
230.61565000000002,2372.0
230.8157,2364.0
231.01665000000003,2370.0
231.21570000000003,2361.0
231.41570000000002,2357.0
231.61565000000002,2357.0
231.8157,2355.0
232.01569999999998,2355.0
232.21589999999998,2352.0
232.41575,2350.0
232.61575,2350.0
232.81775,2347.0
233.0159,2344.0
233.21585,2350.0
233.4158,2350.0
233.61579999999998,2349.0
233.81585,2348.0
234.0159,2346.0
234.21585,2346.0
234.41604999999998,2349.0
234.61605000000003,2344.0
234.81580000000002,2346.0
235.0159,2346.0
235.21589999999998,2345.0
235.41584999999998,2346.0
235.61595,2344.0
235.81605000000002,2345.0
236.01594999999998,2326.0
236.216,2336.0
236.41604999999998,2332.0
236.61605000000003,2324.0
236.81595,2322.0
237.0172,2316.0
237.21609999999998,2308.0
237.4162,2311.0
237.61599999999999,2304.0
237.8163,2302.0
238.0161,2293.0
238.21625,2290.0
238.4162,2288.0
238.61615,2284.0
238.81615,2277.0
239.0161,2276.0
239.21640000000002,2271.0
239.41625,2270.0
239.61630000000002,2267.0
239.8163,2264.0
240.0163,2256.0
240.21640000000002,2256.0
240.4169,2254.0
240.61635,2246.0
240.81635,2245.0
241.01635,2241.0
241.21640000000002,2241.0
241.41795000000002,2232.0
241.61630000000002,2229.0
241.8164,2230.0
242.01645000000002,2222.0
242.21645,2220.0
242.41645,2218.0
242.61745000000002,2209.0
242.8179,2210.0
243.01645000000002,2197.0
243.21640000000002,2208.0
243.4164,2212.0
243.61795,2201.0
243.81765000000001,2205.0
244.01645000000002,2203.0
244.21835,2202.0
244.41789999999997,2204.0
244.61790000000002,2204.0
244.8179,2199.0
245.01715000000002,2202.0
245.2179,2201.0
245.41785,2199.0
245.6166,2199.0
245.8179,2203.0
246.0179,2197.0
246.21795000000003,2200.0
246.418,2201.0
246.618,2197.0
246.81805000000003,2199.0
247.01805000000002,2200.0
247.21795000000003,2194.0
247.41809999999998,2199.0
247.61810000000003,2201.0
247.81805000000003,2199.0
248.01805000000002,2203.0
248.2181,2204.0
248.4171,2203.0
248.61810000000003,2208.0
248.81810000000002,2208.0
249.01805000000002,2212.0
249.21805,2216.0
249.41805,2215.0
249.61804999999998,2217.0
249.81805000000003,2224.0
250.0183,2223.0
250.21805,2229.0
250.41789999999997,2229.0
250.61705,2236.0
250.81810000000002,2236.0
251.01805000000002,2240.0
251.21805,2239.0
251.41805,2247.0
251.61804999999998,2246.0
251.8172,2251.0
252.01805000000002,2255.0
252.21825,2259.0
252.41805,2259.0
252.6178,2263.0
252.81785000000002,2261.0
253.01785,2270.0
253.2179,2272.0
253.41785,2277.0
253.61759999999998,2276.0
253.81760000000003,2277.0
254.01839999999999,2285.0
254.2176,2284.0
254.41764999999998,2288.0
254.61759999999998,2292.0
254.81824999999998,2293.0
255.01760000000002,2298.0
255.21750000000003,2301.0
255.4176,2301.0
255.61765000000003,2307.0
255.8179,2308.0
256.01755,2310.0
256.21765,2315.0
256.41745000000003,2319.0
256.6176,2318.0
256.8176,2320.0
257.0185,2326.0
257.21755,2325.0
257.41755,2323.0
257.6176,2319.0
257.81755,2314.0
258.0178,2318.0
258.2178,2319.0
258.41785,2317.0
258.6178,2325.0
258.81765,2327.0
259.01785,2327.0
259.2177,2331.0
259.41765,2339.0
259.61795,2339.0
259.8178,2342.0
260.0177,2343.0
260.21775,2344.0
260.41795,2351.0
260.6178,2352.0
260.81775,2353.0
261.01775,2354.0
261.218,2359.0
261.41795,2355.0
261.61795,2357.0
261.8179,2364.0
262.01800000000003,2363.0
262.21805,2367.0
262.41915,2369.0
262.618,2371.0
262.8179,2373.0
263.0179,2377.0
263.21795000000003,2376.0
263.418,2381.0
263.618,2381.0
263.81795,2386.0
264.01795,2388.0
264.21795000000003,2383.0
264.4182,2379.0
264.618,2372.0
264.81795,2358.0
265.01800000000003,2345.0
265.21795000000003,2330.0
265.41795,2319.0
265.61805,2307.0
265.81795,2290.0
266.01800000000003,2287.0
266.21825,2294.0
266.41815,2293.0
266.6182,2298.0
266.8182,2302.0
267.0182,2302.0
267.21825,2303.0
267.41845,2307.0
267.61825,2312.0
267.81825,2311.0
268.01825,2320.0
268.21845,2164.0
268.41845,1923.0
268.61835,1702.0
268.8183,1505.0
269.0182,1310.0
269.21825,1128.0
269.4182,1119.0
269.61825,1105.0
269.8184,997.0
270.0184,969.0
270.21835,930.0
270.41835000000003,908.0
270.61835,866.0
270.81850000000003,847.0
271.01845000000003,848.0
271.2185,851.0
271.41845,853.0
271.6184,863.0
271.8184,867.0
272.0184,867.0
272.2185,874.0
272.41845,877.0
272.61845,922.0
272.8187,924.0
273.01845000000003,924.0
273.21965,931.0
273.41855,906.0
273.61875,899.0
273.81850000000003,901.0
274.01875,899.0
274.2186,904.0
274.4186,916.0
274.6187,913.0
274.81865,901.0
275.0187,897.0
275.21865,896.0
275.41875,895.0
275.61865,885.0
275.81875,886.0
276.01875,891.0
276.21885000000003,895.0
276.4188,897.0
276.6188,908.0
276.81885,907.0
277.01885,907.0
277.21905,904.0
277.41885,896.0
277.6196,899.0
277.8188,900.0
278.0188,894.0
278.21885000000003,893.0
278.4189,890.0
278.6189,890.0
278.8189,896.0
279.01890000000003,899.0
279.2189,903.0
279.41895,905.0
279.61905,946.0
279.81895000000003,929.0
280.01895,903.0
280.219,944.0
280.41915,1514.0
280.6191,1845.0
280.8192,1833.0
281.01915,1866.0
281.2192,1905.0
281.4191,1925.0
281.6191,1964.0
281.8193,2023.0
282.0192,2070.0
282.21925,2116.0
282.41925,2160.0
282.61925,2210.0
282.81925,2241.0
283.01925,2282.0
283.21930000000003,2329.0
283.4193,2362.0
283.61935,2399.0
283.8193,2444.0
284.01935000000003,2484.0
284.21955,2523.0
284.4193,2573.0
284.6193,2600.0
284.81940000000003,2640.0
285.0195,2695.0
285.21935,2748.0
285.4196,2803.0
285.61945000000003,2856.0
285.81940000000003,2905.0
286.01965,2955.0
286.2194,2994.0
286.41945,3049.0
286.61955,3031.0
286.81955,2951.0
287.01955,2714.0
287.2196,2466.0
287.4198,2221.0
287.6195,1985.0
287.81955,1750.0
288.0196,1513.0
288.21955,1393.0
288.41965,1426.0
288.61965,1701.0
288.81975,2345.0
289.01965,2223.0
289.21965,2286.0
289.4197,2293.0
289.6198,2280.0
289.81965,2270.0
290.0197,2263.0
290.21975000000003,2254.0
290.42,2252.0
290.61990000000003,2249.0
290.81985000000003,2251.0
291.01985,2230.0
291.4198,2237.0
291.61975,2234.0
291.8199,2234.0
292.0199,2236.0
292.2199,2229.0
292.42,2224.0
292.61995,2221.0
292.82,2222.0
293.02065,2218.0
293.2203,2215.0
293.62,2217.0
293.82,2217.0
294.02005,2227.0
294.22005,2230.0
294.42005,2235.0
294.6211,2245.0
294.8201,2248.0
295.02015,2254.0
295.22025,2265.0
295.42,2270.0
295.62015,2275.0
296.02015,2296.0
296.22020000000003,2304.0
296.4202,2306.0
296.62045,2320.0
296.82025,2330.0
297.02025000000003,2332.0
297.22025,2336.0
297.42025,2350.0
297.6203,2360.0
297.82030000000003,2360.0
298.2203,2368.0
298.42040000000003,2365.0
298.62045,2362.0
298.82035,2366.0
299.6204,2345.0
300.42075,2331.0
302.62065,2284.0
306.02085,2164.0
309.4211,2094.0
312.2213,1379.0
312.42130000000003,1208.0
312.62135,1112.0
312.82125,1047.0
313.02145,982.0
313.2213,948.0
313.42130000000003,929.0
313.6213,912.0
313.8214,901.0
314.0213,906.0
314.22135000000003,906.0
314.42135,911.0
314.6214,907.0
314.8214,906.0
315.0214,903.0
315.22145,919.0
315.4215,912.0
315.62155,894.0
315.82145,879.0
316.02145,904.0
316.22155,895.0
316.4216,896.0
316.62175,894.0
316.8216,891.0
317.02155,885.0
317.22155,886.0
317.4216,881.0
317.6216,889.0
317.8216,891.0
318.02185000000003,892.0
318.22165,893.0
318.42165,891.0
318.62175,892.0
318.82165000000003,887.0
319.0217,895.0
319.22180000000003,889.0
319.42285,895.0
319.62175,888.0
319.8219,891.0
320.0219,887.0
337.22310000000004,1701.0
337.423,1785.0
337.6241,1956.0
337.82320000000004,2081.0
338.023,2203.0
338.22305000000006,2325.0
338.42314999999996,2419.0
338.62315,2548.0
338.82304999999997,2707.0
339.02324999999996,2823.0
339.22310000000004,2988.0
339.4231,3115.0
339.62315,3264.0
339.82315000000006,3389.0
340.02315,3512.0
340.2233,3553.0
340.42335,3539.0
340.62334999999996,3335.0
340.8233,3086.0
341.02345,2844.0
341.22335,2614.0
341.42409999999995,2377.0
341.62334999999996,2137.0
341.82335,1903.0
342.02335000000005,1705.0
342.22355000000005,1867.0
342.4234,1870.0
342.62340000000006,1796.0
342.82335,1891.0
343.02345,1906.0
343.22360000000003,1948.0
343.42359999999996,2021.0
343.62455,2091.0
343.82365000000004,2182.0
344.02340000000004,2259.0
344.22344999999996,2348.0
344.42345,2423.0
344.62355,2521.0
344.82349999999997,2594.0
345.0235,2686.0
345.22350000000006,2757.0
345.42359999999996,2826.0
345.62375,2900.0
345.82365000000004,2969.0
346.02355,3044.0
346.22375,3112.0
346.42359999999996,3187.0
346.6236,3244.0
346.82399999999996,3306.0
347.02375000000006,3377.0
347.2238,3377.0
347.4239,3347.0
347.62390000000005,3105.0
347.82375,2883.0
348.02380000000005,2655.0
348.22455,2424.0
348.42385,2208.0
348.62385000000006,1974.0
348.82385,1751.0
349.0239,1536.0
349.22384999999997,1319.0
349.4239,1154.0
349.62390000000005,1443.0
349.8239,2092.0
350.02420000000006,2324.0
350.22400000000005,2236.0
350.424,2302.0
350.62405,2264.0
350.82410000000004,2282.0
351.0241,2295.0
351.2242,2318.0
351.42415000000005,2348.0
351.62395000000004,2379.0
351.8242,2408.0
352.02420000000006,2443.0
352.2241,2479.0
352.4243,2512.0
352.62415,2551.0
352.82415000000003,2586.0
353.02435,2622.0
353.2242,2660.0
353.42425000000003,2694.0
353.6242,2734.0
353.8242,2762.0
354.02420000000006,2805.0
354.22440000000006,2830.0
354.42454999999995,2871.0
354.62424999999996,2903.0
354.82425,2839.0
355.02430000000004,2679.0
355.22429999999997,2454.0
355.42449999999997,2226.0
355.62435000000005,2006.0
355.82435,1777.0
356.02435,1563.0
356.22440000000006,1343.0
356.42435,1155.0
356.62455,1413.0
356.82515,1877.0
357.0244,2177.0
357.22445000000005,2066.0
357.42465000000004,2146.0
357.62445,2119.0
357.82465,2088.0
358.0245,2081.0
358.22445000000005,2082.0
358.42485,2076.0
358.62455,2076.0
358.8247,2068.0
359.02465000000007,2061.0
359.2246,2059.0
359.42454999999995,2051.0
359.62455,2047.0
359.82455000000004,2038.0
360.02459999999996,2040.0
360.22490000000005,2029.0
360.42470000000003,2025.0
360.62475000000006,2028.0
360.8247,2027.0
361.02545,2016.0
361.22490000000005,2017.0
361.42475,2009.0
361.62475000000006,2018.0
361.8248,2005.0
362.0248,2010.0
362.22479999999996,1999.0
362.4248,2000.0
362.62485000000004,1989.0
362.82484999999997,1990.0
363.02504999999996,1989.0
363.22490000000005,1980.0
363.42560000000003,1972.0
363.6249,1980.0
363.82484999999997,1970.0
364.0249,1972.0
364.225,1968.0
364.4249,1971.0
364.62495,1958.0
364.82500000000005,1956.0
365.0249,1960.0
365.225,1967.0
365.42505000000006,1953.0
365.62505,1955.0
365.8251,1952.0
366.02520000000004,1943.0
366.2251,1943.0
366.42510000000004,1943.0
366.62505,1907.0
366.8251,1943.0
367.02515000000005,1907.0
367.2252,1894.0
367.42515000000003,1906.0
367.62514999999996,1885.0
367.8252,1888.0
368.02520000000004,1890.0
368.22524999999996,1864.0
368.42525,1868.0
368.62520000000006,1860.0
368.82525,1864.0
369.0262,1861.0
369.22530000000006,1863.0
369.42544999999996,1872.0
369.62625,1865.0
369.82525,1876.0
370.02599999999995,1873.0
370.22540000000004,1889.0
370.42544999999996,1883.0
370.626,1890.0
370.82550000000003,1896.0
371.02555000000007,1887.0
371.22545,1901.0
371.42600000000004,1895.0
371.62545,1899.0
371.82545000000005,1898.0
372.02545,1899.0
372.2256,1907.0
372.42550000000006,1881.0
372.62595,1869.0
372.826,1668.0
373.02545,1426.0
373.2255,1209.0
373.42550000000006,1130.0
373.62555,1048.0
373.82574999999997,949.0
374.02565000000004,877.0
374.22555,852.0
374.42560000000003,910.0
374.62565000000006,938.0
374.82555,939.0
375.02560000000005,932.0
375.22565,927.0
375.42575,928.0
375.62575000000004,929.0
375.82565,916.0
376.0258,900.0
376.22569999999996,876.0
376.4257,882.0
376.62570000000005,890.0
376.82595000000003,885.0
377.02585,896.0
377.2259,924.0
377.42589999999996,915.0
377.6258,901.0
377.82579999999996,910.0
378.0259,906.0
378.22585000000004,905.0
378.42595000000006,901.0
378.62585,897.0
378.826,909.0
379.0259,906.0
379.22595,904.0
379.42600000000004,896.0
379.62595,911.0
379.82595000000003,899.0
380.02600000000007,901.0
380.2261,905.0
380.4261,909.0
380.62620000000004,911.0
380.8261,906.0
381.02615000000003,909.0
381.22620000000006,912.0
381.4262,906.0
381.62610000000006,905.0
381.8262,916.0
382.0262,900.0
382.22635,892.0
382.4262,902.0
382.62625,912.0
382.8262,906.0
383.0262,1030.0
383.22625000000005,1186.0
383.42629999999997,1019.0
383.6263,1104.0
383.82635000000005,1047.0
384.02639999999997,1096.0
384.2264,1122.0
384.42645000000005,1152.0
384.62660000000005,1176.0
384.8271,1202.0
385.02650000000006,1236.0
385.22655,1259.0
385.42655,1290.0
385.62660000000005,1312.0
385.82759999999996,1348.0
386.02660000000003,1389.0
386.22665000000006,1422.0
386.4267,1452.0
386.6267,1478.0
386.82675000000006,1516.0
387.02655000000004,1544.0
387.22655,1577.0
387.4266,1630.0
387.62655000000007,1677.0
387.82665,1739.0
388.02660000000003,1790.0
388.22665000000006,1831.0
388.42665,1885.0
388.62665000000004,1930.0
388.827,1977.0
389.02700000000004,2024.0
389.22670000000005,2070.0
389.4267,2113.0
389.6267,2158.0
389.82665,2208.0
390.02675,2247.0
390.22675000000004,2286.0
390.42685000000006,2320.0
390.62685,2359.0
390.827,2388.0
391.02765,2421.0
391.22685,2463.0
391.427,2509.0
391.62685,2537.0
391.8269,2587.0
392.02689999999996,2593.0
392.2269,2623.0
392.42695000000003,2637.0
392.62705000000005,2634.0
392.8269,2639.0
393.02779999999996,2627.0
393.227,2621.0
393.427,2626.0
393.62700000000007,2613.0
393.827,2596.0
394.02700000000004,2588.0
394.22710000000006,2584.0
394.42705,2575.0
394.6273,2574.0
394.82705,2565.0
395.0271,2570.0
395.22725,2575.0
395.42705,2581.0
395.62715000000003,2579.0
395.82714999999996,2593.0
396.02715,2601.0
396.22720000000004,2596.0
396.42719999999997,2609.0
396.6272,2624.0
396.82720000000006,2632.0
397.0272,2639.0
397.22835,2639.0
397.42730000000006,2655.0
397.62725,2660.0
397.82730000000004,2593.0
398.02729999999997,2420.0
398.22735,2210.0
398.42740000000003,1996.0
398.62735,1787.0
398.82735,1556.0
399.02840000000003,1342.0
399.2274,1140.0
399.42730000000006,1128.0
399.62735,1070.0
399.82735,993.0
400.02750000000003,1131.0
400.22745,1620.0
400.4275,1699.0
400.62750000000005,1661.0
400.8275,1707.0
401.02750000000003,1657.0
401.22745,1624.0
401.42745,1700.0
401.62755000000004,1655.0
401.82755,1644.0
402.02779999999996,1658.0
402.22765000000004,1660.0
402.4276,1666.0
402.6278,1666.0
402.82759999999996,1676.0
403.02779999999996,1683.0
403.22765000000004,1686.0
403.42780000000005,1692.0
403.6277,1697.0
403.8278,1705.0
404.0277,1707.0
404.22775,1711.0
404.42775000000006,1716.0
404.6278,1722.0
404.82775000000004,1728.0
405.02779999999996,1730.0
405.2279,1731.0
405.42795,1741.0
405.62784999999997,1744.0
405.82795,1752.0
406.028,1728.0
406.2279,1731.0
406.428,1716.0
406.62805000000003,1715.0
406.8279,1707.0
407.0281,1699.0
407.22800000000007,1694.0
407.4279,1684.0
407.62795000000006,1679.0
407.828,1675.0
408.028,1681.0
408.22800000000007,1668.0
408.428,1650.0
408.62805000000003,1610.0
408.82804999999996,1649.0
409.02805,1580.0
409.22810000000004,1567.0
409.42814999999996,1552.0
409.62805000000003,1533.0
409.82804999999996,1509.0
410.02805,1495.0
410.22810000000004,1479.0
410.4281,1458.0
410.6282,1436.0
410.82820000000004,1412.0
411.02819999999997,1390.0
411.22815,1371.0
411.42814999999996,1347.0
411.62825,1325.0
411.82825,1302.0
412.02819999999997,1285.0
412.2282,1258.0
412.42830000000004,1327.0
412.62835000000007,1249.0
412.8283,1256.0
413.02835000000005,1255.0
413.22855000000004,1254.0
413.42945,1253.0
413.62840000000006,1248.0
413.82845,1242.0
414.02835000000005,1240.0
414.22835,1230.0
414.42870000000005,1224.0
414.62855,1214.0
414.82845,1207.0
415.0285,1202.0
415.22865,1190.0
415.42875000000004,1182.0
415.62850000000003,1175.0
415.82845,1164.0
416.02845,1156.0
416.22855000000004,1148.0
416.42885,1138.0
416.62850000000003,1133.0
416.82860000000005,1125.0
417.02855,1116.0
417.22865,1115.0
417.4289,1105.0
417.6286,1094.0
417.82860000000005,1089.0
418.0286,1084.0
418.22875,1081.0
418.42875000000004,1018.0
418.62865,1034.0
418.8287,1021.0
419.02869999999996,993.0
419.22884999999997,969.0
419.42870000000005,947.0
419.62874999999997,939.0
419.82885,929.0
420.02880000000005,915.0
420.22884999999997,913.0
420.4288,903.0
420.62890000000004,907.0
420.8289,908.0
421.0289,915.0
421.22884999999997,912.0
421.42904999999996,914.0
421.62895000000003,909.0
421.82910000000004,905.0
422.0289,908.0
422.22900000000004,909.0
422.42904999999996,909.0
422.62895000000003,909.0
422.82894999999996,911.0
423.02895,904.0
423.22900000000004,902.0
423.42920000000004,904.0
423.629,902.0
451.03110000000004,1656.0
451.23105,1840.0
451.43100000000004,2002.0
451.631,2159.0
451.831,2284.0
452.03110000000004,2413.0
452.23109999999997,2541.0
452.43115,2628.0
452.63104999999996,2694.0
452.83130000000006,2837.0
453.03195000000005,2872.0
453.23120000000006,3022.0
453.4312,3121.0
453.63110000000006,3221.0
453.83125000000007,3320.0
454.03125,3309.0
454.23125000000005,3283.0
454.4312,3074.0
454.63115000000005,2837.0
454.83119999999997,2604.0
455.0313,2378.0
455.23135,2150.0
455.43129999999996,1924.0
455.6314,1689.0
455.83130000000006,1672.0
456.03155000000004,1686.0
456.2314,1614.0
456.43145000000004,1668.0
456.63135,1648.0
456.83140000000003,1721.0
457.03150000000005,1770.0
457.2314,1832.0
457.43140000000005,1907.0
457.6314,1961.0
457.83170000000007,2010.0
458.03139999999996,2073.0
458.23154999999997,2130.0
458.4317,2194.0
458.63149999999996,2249.0
458.8316,2298.0
459.03145000000006,2343.0
459.2315,2395.0
459.43155,2438.0
459.63245000000006,2434.0
459.83155,2469.0
460.03155000000004,2473.0
460.23275,2475.0
460.4317,2476.0
460.6317,2500.0
460.83170000000007,2507.0
461.03175,2523.0
461.23175000000003,2540.0
461.4317,2562.0
461.6318,2585.0
461.83175000000006,2609.0
462.0318,2624.0
462.2320500000001,2486.0
462.43185000000005,2276.0
462.63194999999996,2069.0
462.83185000000003,1833.0
463.0318,1597.0
463.2318,1369.0
463.43180000000007,1175.0
463.6318,1163.0
463.83185000000003,1241.0
464.0321,1382.0
464.23210000000006,1349.0
464.43195000000003,1204.0
464.6319,1097.0
464.83225000000004,1013.0
465.03190000000006,929.0
465.23195,845.0
465.4321,851.0
465.63205000000005,899.0
465.83205,881.0
466.03205,896.0
466.23210000000006,913.0
466.4321,921.0
466.63210000000004,931.0
466.83215000000007,942.0
467.03205,931.0
467.2320500000001,922.0
467.43215,911.0
467.6322,915.0
467.83209999999997,903.0
468.0321,898.0
468.2323,887.0
468.43225000000007,900.0
468.6322,892.0
468.83220000000006,899.0
469.0322,904.0
469.23220000000003,912.0
469.43225000000007,910.0
469.63235,909.0
469.83225000000004,904.0
470.03225,910.0
470.23235,900.0
470.43240000000003,883.0
470.63245000000006,876.0
470.8324,886.0
471.03240000000005,899.0
471.23235,898.0
471.43240000000003,896.0
471.63235,910.0
471.8324,906.0
472.03240000000005,900.0
472.23245,896.0
472.43255,915.0
472.63245000000006,903.0
472.83254999999997,889.0
473.0325,888.0
473.23260000000005,909.0
473.4325,869.0
473.63290000000006,808.0
473.83254999999997,814.0
474.0326,820.0
474.23260000000005,815.0
474.43255,838.0
474.6326,828.0
474.83270000000005,848.0
475.0326,834.0
475.23275,839.0
475.43275000000006,853.0
475.63265,852.0
475.83270000000005,921.0
476.03274999999996,969.0
476.2328,955.0
476.43280000000004,922.0
476.63275,893.0
476.83275000000003,888.0
477.03274999999996,878.0
477.2328,879.0
477.43280000000004,882.0
477.6328,884.0
477.8328,912.0
478.03280000000007,930.0
478.23285,923.0
478.43285000000003,987.0
478.63300000000004,1011.0
478.83285,1036.0
479.03290000000004,1089.0
479.2329,1129.0
479.43295,1179.0
479.6331,1218.0
479.83295,1268.0
480.03295,1310.0
480.23300000000006,1354.0
480.43309999999997,1397.0
480.6331,1435.0
480.83315000000005,1476.0
481.03315,1511.0
481.23305000000005,1543.0
481.43320000000006,1568.0
481.63325,1598.0
481.83320000000003,1640.0
482.03319999999997,1660.0
482.23325,1697.0
482.43325000000004,1739.0
482.63325,1769.0
482.83315000000005,1795.0
483.03325000000007,1824.0
483.23335,1857.0
483.43330000000003,1881.0
483.63329999999996,1877.0
483.83344999999997,1911.0
484.03330000000005,1907.0
484.23335,1899.0
484.43330000000003,1904.0
484.63335000000006,1918.0
484.8333,1922.0
485.03340000000003,1921.0
485.23345000000006,1912.0
485.43335,1918.0
485.63445,1931.0
485.8335000000001,1923.0
486.03345,1902.0
486.23445000000004,1910.0
486.43425,1833.0
486.6335,1901.0
486.83355000000006,1822.0
487.03445,1793.0
487.23445000000004,1781.0
487.43444999999997,1754.0
487.6344,1714.0
487.83445000000006,1692.0
488.0335,1677.0
488.23425,1676.0
488.43425,1678.0
488.63470000000007,1632.0
488.83425,1645.0
489.03375000000005,1648.0
489.23425,1611.0
489.4338,1608.0
489.63425000000007,1585.0
489.8342,1611.0
490.03420000000006,1597.0
490.2342,1547.0
490.43420000000003,1503.0
490.63419999999996,1494.0
490.8342,1482.0
491.03420000000006,1451.0
491.23425,1412.0
491.43420000000003,1391.0
491.63419999999996,1367.0
491.8342,1345.0
492.03415000000007,1316.0
492.23425,1289.0
492.43420000000003,1265.0
492.63415,1235.0
492.8342,1207.0
493.03420000000006,1180.0
493.23415,1152.0
493.43420000000003,1130.0
493.63419999999996,1105.0
493.8342,1116.0
494.03420000000006,1094.0
494.23415,1072.0
494.43415000000005,1042.0
494.63415,1032.0
494.83415,1023.0
495.03420000000006,1003.0
495.23415,975.0
495.43415000000005,940.0
495.63415,943.0
495.83425,926.0
496.03415000000007,974.0
496.23415,885.0
496.43415000000005,957.0
496.63415,894.0
496.83415,922.0
497.03415000000007,953.0
497.23425,943.0
497.4343,947.0
497.63430000000005,959.0
497.8342,971.0
498.0344,995.0
498.2345,1005.0
498.4343,1010.0
498.63435000000004,1020.0
498.83435,1015.0
499.03460000000007,1037.0
499.23440000000005,1069.0
499.43444999999997,1092.0
499.63435000000004,1137.0
499.83450000000005,1178.0
500.03454999999997,1225.0
500.23445000000004,1275.0
500.4353,1315.0
500.63455,1354.0
500.83455000000004,1399.0
501.03454999999997,1445.0
501.23465,1476.0
501.43450000000007,1515.0
501.6345,1557.0
501.8346,1595.0
502.03460000000007,1631.0
502.23455,1660.0
502.4348,1689.0
502.63455,1731.0
502.83465,1770.0
503.03460000000007,1798.0
503.23465,1827.0
503.43475,1862.0
503.63464999999997,1880.0
503.83475,1901.0
504.03475000000003,1899.0
504.23480000000006,1880.0
504.4347,1896.0
504.63470000000007,1898.0
504.83495000000005,1891.0
505.0348,1889.0
505.23485000000005,1878.0
505.43475,1871.0
505.63485000000003,1870.0
505.8348,1875.0
506.03505000000007,1869.0
506.23490000000004,1860.0
506.43505000000005,1855.0
506.63509999999997,1852.0
506.8348500000001,1848.0
507.03495,1827.0
507.235,1815.0
507.43500000000006,1749.0
507.635,1808.0
507.83500000000004,1769.0
508.03499999999997,1776.0
508.2351,1725.0
508.43505000000005,1725.0
508.63509999999997,1736.0
508.83505,1750.0
509.03505000000007,1760.0
509.2351,1764.0
509.43505000000005,1774.0
509.63509999999997,1788.0
509.83505,1815.0
510.03510000000006,1814.0
510.23525000000006,1821.0
510.4353,1837.0
510.63525000000004,1842.0
510.83525,1843.0
511.03544999999997,1847.0
511.23525000000006,1853.0
511.4353,1852.0
511.63530000000003,1854.0
511.8353000000001,1856.0
512.0353,1863.0
512.23535,1852.0
512.4361,1861.0
512.63535,1879.0
512.8353500000001,1884.0
513.0354,1885.0
513.23555,1889.0
513.4354000000001,1907.0
513.6354,1925.0
513.83545,1917.0
514.03545,1912.0
514.2355,1899.0
514.4354500000001,1858.0
514.6355,1857.0
514.8355,1814.0
515.0355000000001,1785.0
515.2356,1753.0
515.43555,1724.0
515.63555,1675.0
515.8356,1662.0
516.0356,1648.0
516.23565,1692.0
516.43555,1576.0
516.63565,1630.0
516.83565,1604.0
517.03575,1541.0
517.2357000000001,1662.0
517.43575,1484.0
517.6357,1605.0
517.8357500000001,1475.0
518.0357,1640.0
518.23575,1442.0
518.43575,1667.0
518.6358,1518.0
518.83585,1603.0
519.0358,1634.0
519.2358,1599.0
519.4365,1628.0
519.6359,1639.0
519.8358000000001,1639.0
520.0358,1658.0
520.2367,1672.0
520.43595,1685.0
520.63595,1683.0
520.83595,1659.0
521.03605,1658.0
521.23595,1663.0
521.4361,1648.0
521.636,1631.0
521.836,1631.0
522.03605,1613.0
522.23605,1609.0
522.43605,1528.0
522.63595,1291.0
522.836,1164.0
523.03635,1096.0
523.23605,1021.0
523.4363000000001,938.0
523.6361,867.0
523.8362500000001,839.0
524.03605,910.0
524.23635,937.0
524.4361,954.0
524.6361,939.0
524.83615,927.0
525.0361,922.0
525.2361500000001,921.0
525.43615,907.0
525.63625,882.0
525.83635,859.0
526.03625,886.0
526.23625,892.0
526.43645,895.0
526.63625,909.0
526.8362500000001,919.0
527.03625,911.0
527.2363,901.0
527.43645,898.0
540.23735,1423.0
540.43745,1490.0
540.63735,1485.0
540.8375,1535.0
541.0374,1577.0
541.2374,1624.0
541.4374,1664.0
541.6374000000001,1705.0
541.8374,1737.0
542.0374,1765.0
542.23745,1792.0
542.43755,1821.0
542.6374500000001,1859.0
542.83745,1884.0
543.03765,1907.0
543.23755,1914.0
543.4381500000001,1957.0
543.6375,1950.0
543.83755,1980.0
544.03755,1991.0
544.2376,2005.0
544.4377000000001,2019.0
544.6376,2040.0
544.83765,2051.0
545.0376,2068.0
545.23765,2094.0
545.4377000000001,2099.0
545.6377,2120.0
545.8377,2127.0
546.0377,2145.0
546.23775,2150.0
546.4377000000001,2163.0
546.63775,2176.0
546.83775,2185.0
547.0377500000001,2203.0
547.2378,2208.0
547.4378,1984.0
547.6378500000001,1755.0
547.83785,1527.0
548.0378000000001,1311.0
548.2379,1118.0
548.4378,1101.0
548.6378,1057.0
548.8378,975.0
549.0379,909.0
549.23785,860.0
549.4379,843.0
549.6379000000001,882.0
549.83795,893.0
550.03815,914.0
550.23805,924.0
550.43825,910.0
550.63805,904.0
550.8381,910.0
551.0381,901.0
551.238,899.0
551.438,894.0
551.63815,901.0
551.838,895.0
552.0382500000001,898.0
552.2381,881.0
552.4381500000001,883.0
552.63805,862.0
552.8381,898.0
553.0382000000001,917.0
553.23825,915.0
553.4381500000001,917.0
553.63815,909.0
553.8382,900.0
554.0385,911.0
554.2382,911.0
554.4382,894.0
554.6382,886.0
554.83825,884.0
555.03835,890.0
555.2383,889.0
555.43835,894.0
555.6383000000001,899.0
555.8384,899.0
556.03845,890.0
556.23835,893.0
556.43845,890.0
556.6384,888.0
